shape,xc,yc,width,height,radius,maja,mina,angle,angunit
circle,61.833339999999396,80.41659999999972,,,214.16715999999784,,,,uas
circle,-98.79165999999898,-101.62500000000013,,,214.16715999999784,,,,uas
circle,-270.12499999999727,-305.08339999999964,,,239.36693999999758,,,,uas
circle,-377.2083399999962,-519.2499999999997,,,273.55489999999725,,,,uas
circle,-655.6249999999934,-562.0833999999999,,,283.40833999999717,,,,uas
circle,-912.6249999999907,-744.1249999999995,,,369.1228199999962,,,,uas
circle,-1137.4999999999886,-1108.2083999999988,,,422.75349999999565,,,,uas
